ID,collection_date,longitude,latitude,days_death
1,2024-02-04,4004015.87453204,2959204.8747457,0
2,2024-02-22,4003786.44531121,2955489.10320492,18
3,2024-03-08,4004857.0149496,2957774.01015125,33
6,2024-03-08,4003360.5942097,2959592.67804761,33
4,2024-03-13,3999207.80693268,2956632.16415192,38
5,2024-03-27,4001154.06038463,2955775.87261358,52
10,2024-04-05,4007100.68957937,2957635.69419474,61
11,2024-04-13,3997326.69284519,2957709.41571068,69
12,2024-04-16,4005358.24506243,2951906.4194431,72
14,2024-04-22,3998463.69936429,2954465.71324528,78
18,2024-04-24,4000249.61958553,2962208.3002874,80
16,2024-04-25,4010785.14423905,2951609.82972335,81
21,2024-04-29,4004401.29737393,2953396.3421205,85
24,2024-05-07,3997311.65170872,2960416.26324499,93
30,2024-05-08,3997816.45926372,2952999.51168221,94
32,2024-05-08,4008493.44286344,2954900.47085072,94
29,2024-05-11,4001049.0399243,2962251.72121653,97
43,2024-05-17,4001458.59737403,2969273.78498018,103
28,2024-05-18,3998454.58830987,2951613.07043461,104
31,2024-05-20,4007100.57726421,2959537.53768526,106
37,2024-05-26,3999861.92599174,2959776.65318213,112
39,2024-05-27,4000606.11828541,2958833.56918938,113
63,2024-05-28,4003062.81087576,2949363.69103745,114
44,2024-05-30,4009100.3621346,2959893.37556104,116
45,2024-06-01,4000258.79035522,2946756.72469094,118
47,2024-06-02,4003218.12222241,2949226.52619506,119
48,2024-06-04,4009258.49709308,2956438.95691357,121
68,2024-06-04,3992902.55809147,2956784.676532,121
51,2024-06-10,4000047.02745364,2941771.64962448,127
70,2024-06-11,4018766.38244958,2956884.70544322,128
82,2024-06-16,3995253.56956071,2939775.18923357,133
83,2024-06-18,3998952.50530484,2946617.15239147,135
107,2024-06-18,3996589.67745625,2941012.34995336,135
85,2024-06-27,3996791.54592391,2941627.35632362,144
87,2024-06-27,3999312.75559965,2970005.89258076,144
150,2024-06-27,3999952.13197397,2944612.24860791,144
84,2024-06-28,4010252.54688073,2952863.02000281,145
91,2024-06-28,4012938.94445762,2957718.27587185,145
131,2024-06-28,4001585.99675503,2945189.21143254,145
121,2024-06-29,4006284.93118619,2942483.317914,146
102,2024-06-30,4013745.97488032,2959891.28547392,147
148,2024-06-30,3995101.74098418,2928985.25966628,147
93,2024-07-01,3996056.19450006,2942532.07092124,148
104,2024-07-02,4009191.53927837,2943808.66072702,149
149,2024-07-03,3996801.20185815,2971481.58842616,150
124,2024-07-05,3999233.94677829,2935992.93415248,152
141,2024-07-05,4011116.12340393,2958213.86834769,152
115,2024-07-08,4014100.49896573,2959411.63460454,155
127,2024-07-09,4003363.19246101,2943761.98126568,156
135,2024-07-15,4008072.66745633,2944621.2381471,162
130,2024-07-16,4006216.9699365,2968481.92373463,163
166,2024-07-16,4003589.66098318,2973677.89208441,163
174,2024-07-18,4002549.94841373,2971259.73177072,165
145,2024-07-19,3994729.96264532,2952869.05316852,166
209,2024-07-19,4003493.11001868,2967318.441359,166
146,2024-07-21,4017075.7365826,2966590.20573313,168
171,2024-07-24,3993359.05750276,2929805.90267465,171
158,2024-07-25,4000675.77213213,2940133.85740593,172
181,2024-07-27,4005234.23195898,2943154.53892618,174
176,2024-07-29,3998076.07349931,2970402.69935248,176
206,2024-07-31,4012883.15596618,2952890.18508883,178
196,2024-08-01,4002202.65703325,2971600.87157646,179
215,2024-08-02,3997712.28195329,2971546.89154532,180
296,2024-08-03,4023113.80806174,2968833.35852199,181
257,2024-08-04,4003309.85313248,2974498.51617271,182
205,2024-08-07,4016699.90744695,2951901.8700347,185
255,2024-08-09,4012076.33846051,2944335.59458929,187
312,2024-08-09,3991663.60118771,2932641.25459025,187
234,2024-08-10,3990325.65605972,2940329.95032417,188
227,2024-08-11,4016201.33001917,2964282.42367418,189
250,2024-08-12,4012411.9315981,2961325.89223127,190
263,2024-08-12,3992890.46516612,2969166.01667972,190
264,2024-08-12,3989304.32277797,2951570.89389999,190
295,2024-08-12,4021262.53669021,2949362.74013131,190
245,2024-08-13,3990590.66083476,2935303.3886192,191
246,2024-08-13,3996114.02919338,2969343.20211402,191
244,2024-08-16,4012581.23283015,2929628.68651766,194
262,2024-08-17,4022189.77501035,2953765.25235153,195
305,2024-08-18,4006430.49447633,2974776.76935784,196
318,2024-08-21,4012127.47913582,2948884.34897292,199
477,2024-08-21,3994131.3989374,2973442.28602102,199
276,2024-08-22,4017061.78233798,2966011.70938692,200
362,2024-08-24,3989090.80588457,2935209.67796262,202
445,2024-08-24,3988671.20048814,2953404.31994996,202
493,2024-08-24,4007624.73029434,2937892.36980871,202
324,2024-08-25,4006561.07901473,2939969.47897077,203
420,2024-08-25,4010959.53020566,2945319.87661455,203
548,2024-08-25,3993704.87015169,2972779.28742965,203
364,2024-08-26,4003745.36915412,2947438.24550918,204
334,2024-08-27,3991851.75253008,2942256.45590477,205
345,2024-08-27,4015627.21175489,2965166.35176666,205
353,2024-08-28,3993115.14885357,2962932.61111976,206
356,2024-08-28,3994130.48382215,2971780.39830576,206
559,2024-08-28,4006926.1757498,2963736.45774811,206
360,2024-08-29,3989831.81848776,2953807.3077321,207
381,2024-08-29,4020519.56443568,2965132.44194201,207
562,2024-08-29,3992036.09360106,2974633.60653534,207
396,2024-08-30,4017235.09477067,2942975.33327164,208
400,2024-08-31,3991679.97738133,2969044.18138027,209
392,2024-09-01,4008228.80480189,2939627.828976,210
430,2024-09-02,3994545.29789003,2928966.71323828,211
582,2024-09-02,4020317.9602902,2964902.00705126,211
432,2024-09-04,3997048.86203055,2982174.45250733,213
586,2024-09-04,3990211.35426104,2931470.19857824,213
413,2024-09-05,4006866.65768792,2970144.32716104,214
457,2024-09-07,4006302.87832268,2980552.22553427,216
494,2024-09-08,4008238.76486279,2946321.29953418,217
460,2024-09-10,3984062.46216169,2958617.83120544,219
475,2024-09-10,3991231.21712523,2953514.19527739,219
659,2024-09-11,4002144.16987343,2974268.0560249,220
702,2024-09-11,3996135.26169985,2981640.84479831,220
734,2024-09-11,4019181.13941519,2941972.74302635,220
486,2024-09-12,4007216.92940546,2968722.22519592,221
511,2024-09-15,3991862.54960113,2932866.43778638,224
535,2024-09-15,3994150.08117561,2952090.74573213,224
532,2024-09-16,4005508.44104784,2937791.20899899,225
545,2024-09-16,4017505.45134673,2957644.56701263,225
573,2024-09-16,3998596.07088006,2981165.45359568,225
641,2024-09-16,3986597.78267245,2961318.40158583,225
537,2024-09-17,4013639.8585144,2970602.87935957,226
554,2024-09-17,3995331.58264225,2980782.18050554,226
598,2024-09-17,4008585.50211553,2942078.74953945,226
510,2024-09-18,3997457.56039087,2948056.6541658,227
628,2024-09-18,3984374.21094973,2962061.56293177,227
576,2024-09-19,4014206.29913981,2968674.21218126,228
585,2024-09-19,3989695.711183,2974799.98965221,228
600,2024-09-19,4013796.47608703,2952090.00860386,228
606,2024-09-19,3998747.75900085,2978515.08732129,228
613,2024-09-19,3990259.02814863,2940642.24615667,228
580,2024-09-20,4011264.50696296,2931367.64530594,229
595,2024-09-20,3999892.87444773,2967281.86114473,229
557,2024-09-21,4010578.53198112,2986119.89015595,230
620,2024-09-21,3998687.91058534,2973298.25859862,230
546,2024-09-22,4005238.58365422,2946163.6975611,231
607,2024-09-23,3990935.51632767,2975255.70469102,232
614,2024-09-23,3995658.62841167,2963100.78276495,232
647,2024-09-23,3987308.17005316,2968066.18723251,232
849,2024-09-23,3987829.48711793,2961013.47576987,232
615,2024-09-24,3988330.87366324,2978263.85562449,233
633,2024-09-24,3993231.49957319,2975266.85531365,233
616,2024-09-25,4006076.26519996,2977964.97693753,234
627,2024-09-25,3998066.57136025,2966406.91596869,234
619,2024-09-26,3995023.34112772,2967307.0496963,235
696,2024-09-26,4010341.00918311,2964703.57713681,235
712,2024-09-27,4011170.89686283,2981863.22540684,236
726,2024-09-27,4001298.38034843,2924362.46684067,236
708,2024-09-28,3991552.15481651,2930297.09948485,237
732,2024-09-28,3983125.79977411,2961813.33686917,237
757,2024-09-28,4003890.73440592,2984537.43165463,237
690,2024-09-29,3982803.03211362,2954623.83220515,238
941,2024-09-29,4010346.72869592,2940862.61360876,238
693,2024-09-30,4010515.03082239,2939810.29697392,239
728,2024-09-30,3998911.37873861,2979250.85749193,239
951,2024-09-30,4009537.64385041,2988924.02645734,239
703,2024-10-01,3992683.97352896,2984554.14892765,240
845,2024-10-01,4013292.32153665,2975307.22055052,240
952,2024-10-01,4022186.57611552,2974352.47193946,240
1107,2024-10-01,3983851.16393451,2962468.20771585,240
724,2024-10-02,4016105.6611883,2977559.16670697,241
731,2024-10-02,4006826.3940956,2976762.73651282,241
840,2024-10-02,4014210.50956853,2964309.35188928,241
900,2024-10-02,3981683.30914108,2958490.55918356,241
1051,2024-10-02,3993294.7893376,2966354.07314449,241
783,2024-10-03,4025088.53964123,2963464.88518467,242
790,2024-10-03,3989152.33859402,2956550.70676797,242
745,2024-10-04,3985007.10326986,2959703.23855293,243
770,2024-10-04,4012041.49103653,2971996.74651041,243
714,2024-10-05,3992614.18377356,2933708.74851168,244
803,2024-10-05,3989494.47777533,2973387.70002766,244
808,2024-10-05,3995278.17722297,2938174.42193803,244
820,2024-10-05,3991238.35259154,2969891.0230946,244
821,2024-10-05,4008766.04648982,2972329.74991532,244
823,2024-10-05,3990853.66974048,2972850.3627002,244
1037,2024-10-05,4008429.69651233,2971377.23596225,244
762,2024-10-06,3988443.0125421,2942909.20385519,245
793,2024-10-07,4009603.07264244,2976698.93369711,246
824,2024-10-07,4026310.98216929,2963073.14401686,246
862,2024-10-07,4012025.64145555,2928549.90114659,246
927,2024-10-07,3988069.4646795,2974211.64802061,246
960,2024-10-07,4002628.99525483,2937692.31219174,246
1098,2024-10-07,4010606.052705,2980701.27081038,246
806,2024-10-08,4007191.16152735,2985838.86433408,247
905,2024-10-10,4009869.99254178,2966519.44680301,249
961,2024-10-10,4006221.56495582,2977148.24545076,249
1101,2024-10-10,4006917.05676802,2934713.73039825,249
1180,2024-10-10,4011445.19331666,2967135.81823994,249
836,2024-10-11,4002869.64274176,2977711.15593053,250
861,2024-10-11,4013427.86351171,2985974.0153495,250
896,2024-10-11,3986614.56859398,2982336.27763402,250
899,2024-10-11,4012122.19469183,2982911.84819373,250
926,2024-10-11,4005120.79233055,2979180.10177983,250
958,2024-10-11,3991273.24057985,2939782.02263805,250
982,2024-10-11,4010963.59252728,2985797.6826908,250
1137,2024-10-11,4024222.95773485,2958693.33946717,250
888,2024-10-12,3987018.95895433,2934427.93821799,251
919,2024-10-13,3987781.61352508,2957868.90651128,252
922,2024-10-13,4007608.93149977,2979383.84471758,252
1048,2024-10-13,3981226.82266957,2957877.72872808,252
1234,2024-10-13,3986027.26996424,2939364.47837589,252
967,2024-10-16,3988985.54733949,2960826.64138025,255
981,2024-10-16,4004101.97490433,2937381.91167086,255
956,2024-10-17,4015209.91833541,2952099.05584235,256
988,2024-10-17,3992803.11870036,2966164.65084749,256
1021,2024-10-17,3992703.56203016,2984469.12296647,256
879,2024-10-18,4021230.92681617,2954743.35988162,257
1016,2024-10-18,3993965.94288543,2948634.33517585,257
1115,2024-10-18,3986943.82846667,2971821.34614786,257
950,2024-10-19,3999302.85551482,2936423.47076991,258
1367,2024-10-19,3998822.37074106,2935247.22495058,258
1019,2024-10-20,3985384.87550656,2940833.54310864,259
1092,2024-10-20,3986943.46881187,2983232.77559032,259
1317,2024-10-20,4008268.85787292,2926088.51137568,259
1056,2024-10-21,4023817.73214833,2961710.01265685,260
1108,2024-10-21,4007425.15015315,2986919.44080399,260
1138,2024-10-21,4023733.28034475,2962423.74583327,260
1039,2024-10-22,3990531.89998597,2945546.25856462,261
1079,2024-10-22,4015149.32153062,2932815.09713075,261
1083,2024-10-22,3989543.06539781,2962662.84306771,261
1099,2024-10-22,3983998.551171,2969323.96095097,261
1080,2024-10-23,3989488.2980426,2933565.51522036,262
1087,2024-10-23,4030119.32356494,2963941.40646777,262
1156,2024-10-23,4007489.45364652,2962648.11290106,262
1161,2024-10-23,4009951.55782275,2978132.11316417,262
1114,2024-10-24,4001650.55108518,2977853.21954665,263
1191,2024-10-24,3992913.257533,2987546.60205499,263
1350,2024-10-24,4015019.22557001,2983764.10547948,263
1160,2024-10-25,4002763.96041756,2936436.07009797,264
1443,2024-10-25,3993564.65108358,2961905.77731727,264
1100,2024-10-26,3990145.13114499,2929120.23158768,265
1104,2024-10-26,3990128.90984624,2959224.3950276,265
1230,2024-10-26,4003459.6705243,2936314.73104675,265
1435,2024-10-26,3997039.91213157,2987210.29219706,265
1569,2024-10-26,3986431.7111348,2983222.40454417,265
1611,2024-10-26,3984803.6415367,2972651.81228047,265
1175,2024-10-27,4013521.60091253,2990842.08853969,266
1210,2024-10-27,3984486.93613808,2969718.11135691,266
1277,2024-10-27,4008917.30653943,2981969.49052825,266
1164,2024-10-28,3997731.25150276,2927613.71149802,267
1168,2024-10-28,3995724.43209095,2986688.60201477,267
1576,2024-10-28,4018080.46584655,2954118.39259018,267
1185,2024-10-29,3989094.00470369,2993581.75242335,268
1194,2024-10-29,4017482.08141225,2934129.89355173,268
1265,2024-10-29,4018639.33788789,2981311.99549234,268
1270,2024-10-29,4015872.42060283,2985023.08593699,268
1306,2024-10-29,4022917.91779031,2959651.12224029,268
1144,2024-10-30,4009814.80352662,2973422.25993385,269
1220,2024-10-30,3987992.15497779,2968260.45555843,269
1291,2024-10-30,4005145.62719558,2985053.34473146,269
1293,2024-10-30,4021457.59162496,2963434.93256486,269
1371,2024-10-30,3987590.7424654,2983787.07416571,269
1575,2024-10-30,4002354.98039055,2934839.99505684,269
1621,2024-10-31,4025641.25571255,2961269.00648922,270
1283,2024-11-02,4013543.19449475,2973265.60760289,272
1298,2024-11-02,4017075.89164124,2954113.6227328,272
1316,2024-11-02,4013049.63099594,2977814.07758601,272
1345,2024-11-02,3988903.55812663,2941262.43831253,272
1394,2024-11-02,4002427.78065866,2980074.93176576,272
1482,2024-11-02,4024423.85305235,2973244.93634436,272
1797,2024-11-02,3982904.50855309,2963852.2882755,272
1991,2024-11-02,4010338.36501099,2982509.64444469,272
1392,2024-11-03,4012041.84826247,2979379.72683237,273
1399,2024-11-03,3984366.44206449,2943182.17190438,273
1501,2024-11-03,4010378.35090723,2977132.3996612,273
1445,2024-11-04,3984344.13663995,2941615.58675796,274
2061,2024-11-04,4023933.61784743,2964796.17450397,274
1388,2024-11-05,4013371.59560999,2984950.23612155,275
1415,2024-11-05,3990284.15182364,2943868.07868328,275
1451,2024-11-05,3985364.13952563,2991577.17784324,275
1453,2024-11-05,3984180.75117127,2976009.89975172,275
1493,2024-11-05,3979498.33045506,2961297.52602094,275
1530,2024-11-05,3998127.55909892,2928049.31977894,275
1652,2024-11-05,4017018.45952386,2989644.76633952,275
1824,2024-11-05,4013744.65412067,2978979.94464998,275
2146,2024-11-05,4022685.63892946,2953863.98416142,275
1357,2024-11-06,3980457.6213521,2942076.26002421,276
1433,2024-11-06,3991651.38069934,2991154.45839807,276
1461,2024-11-06,3998375.1774377,2987778.75486896,276
1610,2024-11-06,4026003.65684058,2975923.08505267,276
1850,2024-11-06,4018161.24118917,2981831.55464594,276
1427,2024-11-07,3987592.19103939,2970155.09565055,277
1462,2024-11-07,4006537.81170218,2963058.10039115,277
1540,2024-11-07,4032684.78668934,2955285.61790269,277
1686,2024-11-07,4013426.61991752,2968316.21849379,277
1409,2024-11-08,3992524.2571745,2984881.13787508,278
1545,2024-11-08,3992943.01581042,2949373.8625167,278
1618,2024-11-08,4021530.23014142,2977875.16969629,278
1871,2024-11-08,3993356.97400934,2985628.04160491,278
2040,2024-11-08,3985316.62613818,2984705.15552647,278
2213,2024-11-08,3979749.208992,2968720.04962586,278
1560,2024-11-10,4013095.40432884,2981503.73672504,280
1562,2024-11-10,4013961.49578044,2973817.91280913,280
1599,2024-11-10,4025064.67842034,2952776.81298004,280
1822,2024-11-10,3978957.98260334,2963247.74510107,280
1887,2024-11-10,4018603.39027858,2986721.73562947,280
1436,2024-11-11,4020597.93940983,2927645.06408992,281
1476,2024-11-11,3982960.83849894,2985360.8425234,281
1538,2024-11-11,4014313.5116023,2978969.83686439,281
1603,2024-11-12,4005730.5230945,2964789.82289722,282
1628,2024-11-12,4013454.79398682,2970682.83783765,282
1679,2024-11-12,3993953.95026808,2983446.99792744,282
1806,2024-11-12,3986823.76984137,2975860.77941753,282
2432,2024-11-12,3982925.33611696,2983223.96405789,282
1578,2024-11-13,3979307.50331308,2930871.01546545,283
1613,2024-11-13,3981792.1156171,2972411.86425671,283
1726,2024-11-13,3987061.55062877,2955308.95095111,283
1968,2024-11-13,4020386.5822729,2958065.67418723,283
2127,2024-11-13,4018382.23078956,2927210.93347731,283
2338,2024-11-13,3991017.34041841,2947141.07411182,283
1592,2024-11-14,3999062.41116874,2920120.5458348,284
1938,2024-11-14,3984775.28062142,2939043.79489109,284
2032,2024-11-14,3986166.06510214,2940312.27359884,284
2108,2024-11-14,3978846.10292537,2969997.29580809,284
2358,2024-11-14,4014972.77015676,2976600.53847976,284
1751,2024-11-15,3981806.83260227,2945417.55038519,285
1759,2024-11-15,3978709.49556819,2970057.59816122,285
2102,2024-11-15,4011447.55030458,2935055.86678281,285
2399,2024-11-15,4023571.84141,2968491.32487616,285
1673,2024-11-16,4004318.23009057,2990467.50746041,286
2334,2024-11-16,3981294.04783535,2962453.0831526,286
1601,2024-11-17,3998098.40527898,2987646.03409788,287
1647,2024-11-17,4012391.41028194,2992913.10020128,287
1668,2024-11-17,3984694.49091382,2941943.20274419,287
1688,2024-11-17,4011749.63877589,2975591.34278014,287
1731,2024-11-17,4027410.79852008,2962333.7852156,287
2412,2024-11-17,3981400.8947377,2987053.61471596,287
2582,2024-11-17,4024281.90200618,2958331.30020565,287
2734,2024-11-17,3986338.41901772,2971092.78223366,287
1733,2024-11-18,4016904.04191773,2952152.31951202,288
1833,2024-11-18,3980986.43412344,2988009.14299612,288
1856,2024-11-18,4010545.99031268,2974963.16848605,288
2483,2024-11-18,4024407.15196034,2953752.57755337,288
2573,2024-11-18,3993818.30407855,2950171.40588822,288
1829,2024-11-19,3990030.03895658,2991936.25689204,289
1866,2024-11-19,3984653.66745461,2996980.74360099,289
2230,2024-11-19,3978587.6513328,2962910.33863289,289
1796,2024-11-20,4013793.31620838,2971265.10041011,290
1853,2024-11-20,4002005.05757297,2993499.58739385,290
1855,2024-11-20,4029377.62632515,2959628.98415803,290
1885,2024-11-20,3984410.52179566,2970283.79089721,290
1984,2024-11-20,4031885.39875922,2979117.76189508,290
2328,2024-11-20,3980838.67934593,2963147.32149282,290
2424,2024-11-20,4013132.94741895,2949399.85339605,290
1687,2024-11-21,3982043.51836492,2986418.4612205,291
1793,2024-11-21,3985444.34540366,2953471.31955534,291
1869,2024-11-21,3990702.74797867,2992254.598825,291
1900,2024-11-21,4007436.19844064,2985532.3833906,291
1917,2024-11-21,4021344.43691486,2948433.033453,291
1936,2024-11-21,4019650.92419314,2939779.74099574,291
1943,2024-11-21,4018222.60054162,2976213.09727455,291
2818,2024-11-21,3983416.50010189,2939236.62508218,291
1949,2024-11-22,4024893.58868374,2950172.65661492,292
2152,2024-11-22,3986022.90046621,2976678.82887173,292
2191,2024-11-22,4020336.19073872,2962585.00896851,292
2316,2024-11-22,3984543.12282939,2984565.19695728,292
2409,2024-11-22,3984023.65480222,2975061.38797592,292
2487,2024-11-22,3990931.09004249,2985766.71607041,292
2533,2024-11-22,3999708.1641699,2915622.74411901,292
2723,2024-11-22,3988549.5187566,2925659.4211089,292
2798,2024-11-22,3984835.48356871,2985997.38610014,292
1929,2024-11-23,4019648.63699066,2975694.30695157,293
1946,2024-11-23,4021247.35065108,2954411.24733632,293
1977,2024-11-23,3986108.99915668,2998928.08862246,293
2193,2024-11-23,3996124.06205325,2985459.71497365,293
2351,2024-11-23,4005827.97615205,2992009.67410482,293
3051,2024-11-23,4007150.5120371,2990090.88790695,293
1898,2024-11-24,4000456.23231058,2977689.51800792,294
2071,2024-11-24,4021944.3159066,2988357.7389957,294
2352,2024-11-24,4019693.35519316,2978034.58113578,294
1990,2024-11-25,3990362.24514326,2926473.80813754,295
2002,2024-11-25,3980896.49866854,2986737.33633708,295
2089,2024-11-25,3987988.56294547,2977552.61243248,295
2097,2024-11-25,4016327.89928808,2971054.04943377,295
2565,2024-11-25,4028240.02101092,2947414.90566377,295
2626,2024-11-25,4022163.30252028,2982001.91703388,295
2745,2024-11-25,3983117.33525409,2983260.59104246,295
2777,2024-11-25,3988419.17845523,2926755.40538273,295
2101,2024-11-26,4011098.26350004,2993601.57302729,296
2178,2024-11-26,4015230.84157158,2971996.52746369,296
2181,2024-11-26,3998675.798417,2933442.75771931,296
2214,2024-11-26,3981645.2486837,2969337.09293023,296
2304,2024-11-26,3990833.26859304,2946897.7048182,296
2786,2024-11-26,3981860.36047782,2974567.7541152,296
3099,2024-11-26,4017198.85960067,2977696.17263624,296
2130,2024-11-27,4002527.1013172,2931046.77812003,297
2159,2024-11-27,3985122.82521511,2989713.22315518,297
2514,2024-11-27,4024513.86842778,2950433.7443755,297
3118,2024-11-27,4000539.33847367,2991920.51827118,297
3156,2024-11-27,4023621.89904571,2979674.33415154,297
3219,2024-11-27,3990752.19533098,2947551.50761132,297
2124,2024-11-28,4014917.91540114,2980723.53230129,298
2151,2024-11-28,4015191.26082905,2987028.56553142,298
2202,2024-11-28,4017640.04360349,2978483.25501553,298
2218,2024-11-28,4019318.98507451,2973912.72807403,298
2225,2024-11-28,3982261.0126858,2942482.90795382,298
2354,2024-11-28,4004647.23999569,2962933.41556973,298
2139,2024-11-29,3982495.67800114,2944773.4447366,299
2143,2024-11-29,4001387.61103361,2916861.5191019,299
2240,2024-11-29,4022783.54696417,2980016.06893972,299
2253,2024-11-29,4022064.75937259,2959076.03334838,299
2279,2024-11-29,3981995.25154647,2983964.35315415,299
2325,2024-11-29,3982067.85314008,2976567.25034325,299
2520,2024-11-29,3989102.40348425,2950639.32244425,299
3086,2024-11-29,4028606.8351816,2960941.8843012,299
3218,2024-11-29,4016062.65738586,2973355.92004565,299
2239,2024-11-30,4028922.09493504,2978318.97515052,300
2284,2024-11-30,4018114.81153507,2951725.5468962,300
2290,2024-11-30,4002405.29386356,2992215.70321462,300
2398,2024-11-30,3996778.4286619,2980848.01401042,300
2646,2024-11-30,4014104.27422503,2990575.25587102,300
2763,2024-11-30,3993316.82742415,2987887.7168305,300
3300,2024-11-30,4021318.07240797,2962040.01593051,300
2297,2024-12-01,4023778.91630603,2931011.09895276,301
2303,2024-12-01,3996952.76797194,2918390.66546233,301
2310,2024-12-01,4023317.9809214,2981398.43245103,301
2699,2024-12-01,4016812.92593727,2973694.74403925,301
2765,2024-12-01,4000789.85413502,2995024.74886616,301
2984,2024-12-01,3982522.0555668,2970501.63627119,301
3468,2024-12-01,3997415.7419688,2985632.02959751,301
2260,2024-12-02,3971276.62693768,2999952.56795125,302
2278,2024-12-02,4014128.444362,2988832.75132081,302
2403,2024-12-02,4028514.46323668,2960943.70528089,302
2441,2024-12-02,3993086.7687782,2920576.3364661,302
2865,2024-12-02,3983882.52721158,2973062.05469469,302
2910,2024-12-02,3989005.65348326,2994074.29694468,302
3371,2024-12-02,4003305.6777747,2934705.31071585,302
3419,2024-12-02,4019428.1474448,2976609.78521033,302
2344,2024-12-03,4016525.27380062,2929639.92849129,303
2555,2024-12-03,4018907.24126036,2972604.47117291,303
3319,2024-12-03,3984862.73791234,2978496.70928275,303
2332,2024-12-04,4024357.48248453,2959741.51303325,304
2614,2024-12-04,4016889.2256978,2951109.7976174,304
2764,2024-12-04,4001400.19427982,2994394.82326021,304
3196,2024-12-04,3990551.389298,2991116.31260546,304
3279,2024-12-04,4029784.39441746,2960734.96098404,304
2356,2024-12-05,4007588.29939118,2962749.34283745,305
2482,2024-12-05,3983008.98738562,2945875.23125992,305
2510,2024-12-05,4019545.94523467,2952109.82643114,305
2522,2024-12-05,3979668.54634258,2971185.82383549,305
2557,2024-12-05,4006945.92743538,2997710.588959,305
2597,2024-12-05,3975293.14891875,2989842.01009346,305
2956,2024-12-05,3992688.15223856,2925145.00776906,305
2343,2024-12-06,3980281.76182674,2968306.40000343,306
2416,2024-12-06,4020887.26443437,2987477.37882311,306
2525,2024-12-06,3991289.14273102,2989638.82148176,306
2558,2024-12-06,3987196.30011334,2992285.59532419,306
2721,2024-12-06,4028606.12064896,2978534.64245115,306
2944,2024-12-06,3998381.27923586,2920401.06381896,306
2498,2024-12-07,3988459.01447418,2992666.79433683,307
2530,2024-12-07,4003534.9388479,2934179.95863533,307
2692,2024-12-07,4006793.28564327,2947459.15451375,307
2722,2024-12-07,3992032.85869321,2926365.89282387,307
2774,2024-12-07,4012897.25966196,2932287.95234901,307
2848,2024-12-07,3979060.66170772,2972651.03211452,307
3407,2024-12-07,4033506.48952432,2980780.60536635,307
3430,2024-12-07,3981044.0435569,2964966.59391097,307
2809,2024-12-08,3985992.48734098,2954048.92071328,308
2815,2024-12-08,4025963.97133397,2958748.62905938,308
2978,2024-12-08,4024529.83462307,2983050.34718007,308
3230,2024-12-08,3979020.63534065,2973729.75801082,308
3285,2024-12-08,3997096.64389527,2919602.43656154,308
3379,2024-12-08,3998364.14156122,2977618.1014627,308
3408,2024-12-08,4026319.3559126,2976366.88752473,308
3720,2024-12-08,3992110.22749122,2921173.49097595,308
2665,2024-12-09,4029172.52871989,2977932.12923736,309
2833,2024-12-09,4030777.8869741,2981680.47303912,309
3692,2024-12-09,4031513.06984915,2962788.75730104,309
3861,2024-12-09,4014230.17052449,2988691.09922478,309
2684,2024-12-10,4022543.81343233,2972261.00899773,310
2752,2024-12-10,3998260.05488754,2915445.98949519,310
2772,2024-12-10,4023481.73862781,2948514.91275521,310
3552,2024-12-10,4014319.41171327,2929549.15448288,310
2602,2024-12-11,3985897.01748133,2938419.80181586,311
2708,2024-12-11,4001393.21249698,2990839.93737,311
2950,2024-12-11,3998936.10375848,2981361.91524686,311
2951,2024-12-11,3981518.48058768,2972991.69713547,311
3283,2024-12-11,4021413.31569397,2929433.2786231,311
3867,2024-12-11,3977403.23566203,2969305.94088613,311
4051,2024-12-11,4021946.76988061,2948567.44507213,311
4244,2024-12-11,4023492.62810887,2949776.98317083,311
2741,2024-12-12,4024376.13952263,2975909.47708174,312
2770,2024-12-12,4017180.24946972,2993122.23412721,312
2835,2024-12-12,4013250.94705383,2929627.76770474,312
3439,2024-12-12,4000533.06604605,2993167.16077152,312
3533,2024-12-12,4021874.19366558,2985515.3454905,312
2736,2024-12-13,3985466.85142766,2974589.51068732,313
2966,2024-12-13,3982830.85113383,3001288.6316165,313
3289,2024-12-13,4019888.74562276,2978668.83765584,313
3311,2024-12-13,3996695.70945713,2990630.52437033,313
3648,2024-12-13,3999477.76089127,2933313.28559176,313
3709,2024-12-13,3969516.19582434,2998493.37291604,313
4011,2024-12-13,4012126.15090308,2932458.09755856,313
4419,2024-12-13,3974351.96311131,2971121.67375264,313
2991,2024-12-14,4022850.60967343,2980195.62196837,314
3061,2024-12-14,3985329.32547145,2994271.36334621,314
3094,2024-12-14,3988525.51853604,2942676.59454707,314
4045,2024-12-14,4013327.66495494,2932929.78745957,314
2927,2024-12-15,3975756.32514528,2970128.11995167,315
2935,2024-12-15,3974065.15648484,2964290.4459428,315
3043,2024-12-15,3986615.15501141,2952530.82282498,315
3591,2024-12-15,4022807.73969608,2944893.69584032,315
3909,2024-12-15,4016507.22775017,2971351.70524762,315
4214,2024-12-15,4031407.26068234,2977558.89366706,315
2872,2024-12-16,3976714.47936976,2955309.27831129,316
2919,2024-12-16,4033389.78898844,2978756.54450323,316
2940,2024-12-16,3982203.6948983,2943223.98589234,316
3089,2024-12-16,3985020.09849094,2993632.36741447,316
3210,2024-12-16,3979891.38596788,2975621.20433521,316
3275,2024-12-16,3986898.76052116,2990154.85620459,316
3745,2024-12-16,3977926.60063159,2989361.51489069,316
3907,2024-12-16,3983077.08331453,3003256.98418893,316
4065,2024-12-16,4007796.45235044,2996386.64945019,316
3056,2024-12-17,4013906.7130111,2987265.697165,317
3209,2024-12-17,3983102.81237587,2945934.16937357,317
3247,2024-12-17,4010166.82978125,2989327.543639,317
3815,2024-12-17,3993527.51356877,2925950.04665017,317
4329,2024-12-17,3982724.58352979,2967415.18343391,317
4482,2024-12-17,4014773.87737581,2929898.4217676,317
4601,2024-12-17,4011607.70683804,2936241.29902897,317
3192,2024-12-18,3983194.53336538,2978942.47705929,318
3213,2024-12-18,3977099.65817139,2964788.76869196,318
3216,2024-12-18,3972270.06360292,2997607.33940141,318
3235,2024-12-18,3984336.98687467,2979263.1755227,318
3242,2024-12-18,3974095.82842051,2987308.48528356,318
3644,2024-12-18,4003438.26420554,2964767.5881202,318
3650,2024-12-18,3985112.27330762,2988725.20211179,318
4274,2024-12-18,3999922.86806423,2920951.75783423,318
3321,2024-12-19,3992261.3505015,2996395.07926485,319
3940,2024-12-19,4015870.51595738,2980712.97032785,319
4172,2024-12-19,3980600.96662041,2977220.31046802,319
3093,2024-12-20,3978215.61133325,2987547.18772374,320
3305,2024-12-20,3989040.09966852,2998449.17257117,320
3323,2024-12-20,4015743.48314178,2933543.79234414,320
3437,2024-12-20,4001478.22103304,2931719.79510679,320
3516,2024-12-20,4001982.92264115,2993573.70443234,320
3857,2024-12-20,3991783.37676443,2991222.346757,320
3938,2024-12-20,3996222.08223139,3001330.9936772,320
3380,2024-12-21,4012339.65263945,2931971.82517213,321
3460,2024-12-21,4001649.79641132,2995244.10380238,321
3500,2024-12-21,4017117.15805236,2978810.87256319,321
3739,2024-12-21,4016725.13257533,2993184.36036539,321
4314,2024-12-21,4000380.7059657,2990986.037196,321
5248,2024-12-21,3999379.86167466,2995664.75415684,321
3322,2024-12-22,4000669.38548445,2995828.80527821,322
3547,2024-12-22,4018033.69021161,2991650.26809641,322
3551,2024-12-22,4032735.80438544,2974763.58432387,322
3613,2024-12-22,3992479.80851118,2925201.16883362,322
3673,2024-12-22,3982944.7541682,2988218.91281811,322
3215,2024-12-23,4008485.52948733,2935266.0133727,323
3425,2024-12-23,3989209.56508225,2918637.226072,323
3491,2024-12-23,4032641.00326531,2983971.07275289,323
3554,2024-12-23,3969493.61089992,2972385.73238493,323
3587,2024-12-23,4014456.71281153,2988565.9757008,323
3619,2024-12-23,4018131.79904238,2993515.89841978,323
3719,2024-12-23,3996504.03501103,2927732.58570474,323
3789,2024-12-23,3979615.53445223,2988604.66760736,323
4853,2024-12-23,3983531.76153871,2951192.94607437,323
3197,2024-12-24,4027210.28431297,2950934.56164415,324
3542,2024-12-24,3975906.40883483,2973506.92578778,324
3570,2024-12-24,4029544.10722105,2959396.91923643,324
3751,2024-12-24,3976459.43643933,2962712.68415725,324
3763,2024-12-24,3999858.63270811,2984207.35059097,324
4006,2024-12-24,4008167.6590473,2995774.64715671,324
4248,2024-12-24,4033950.75466741,2979719.12212866,324
4330,2024-12-24,4025929.17761993,2978621.71833251,324
4896,2024-12-24,3992528.61499382,2923761.5615181,324
3403,2024-12-25,3992399.33554941,2983613.03589404,325
3456,2024-12-25,3991090.64124216,2925582.837709,325
3550,2024-12-25,4030082.45412205,2988569.10067481,325
3564,2024-12-25,4023284.71923822,2981506.69205302,325
3599,2024-12-25,3975965.68440813,2990203.99075586,325
3961,2024-12-25,4036763.47568135,2973724.93555225,325
5054,2024-12-25,3988526.45932454,2943892.36482387,325
5651,2024-12-25,3988674.5492786,2978672.72504958,325
3594,2024-12-26,3999150.08151274,2988904.67852196,326
3687,2024-12-26,3976788.08650046,2969980.93029496,326
3971,2024-12-26,4025685.72837271,2994035.19674665,326
3995,2024-12-26,4020241.18359107,2971731.23381588,326
4284,2024-12-26,4017664.13814558,2950492.45681383,326
4544,2024-12-26,4002122.71165696,2995670.40812785,326
4807,2024-12-26,4000245.21385355,2988523.74089562,326
5206,2024-12-26,4003567.45138895,2933346.67169485,326
3900,2024-12-27,3975478.7368263,2969307.73976369,327
3974,2024-12-27,3986219.15192883,2998699.26627844,327
4136,2024-12-27,4000534.29954522,2990103.3094727,327
4991,2024-12-27,4019896.39218335,2956229.5876965,327
5130,2024-12-27,3970478.94186706,2996337.76712409,327
5384,2024-12-27,3981370.07900483,2978527.01057571,327
3611,2024-12-28,3987130.83557822,2993393.18357032,328
3695,2024-12-28,3983898.77835358,2948036.01774004,328
3939,2024-12-28,4002947.6509505,2930739.37051454,328
3993,2024-12-28,4015956.80698436,2988129.36547146,328
4157,2024-12-28,4008002.2998729,2995631.36768622,328
4268,2024-12-28,3983912.60752321,2999470.51497667,328
4385,2024-12-28,4022418.94773136,2949171.13778964,328
4751,2024-12-28,3988354.85375991,2978572.29825098,328
5281,2024-12-28,4032152.62610518,2978566.71023978,328
5458,2024-12-28,4030864.41790636,2985193.05880053,328
5800,2024-12-28,3988514.31089463,2994797.04554169,328
3806,2024-12-29,4024627.35511401,2976033.35389806,329
3842,2024-12-29,3998706.00979134,2978671.14963686,329
3953,2024-12-29,4027764.61942331,2977039.25082311,329
3985,2024-12-29,4017888.2194598,2992458.91955202,329
4093,2024-12-29,3972488.40590962,2975809.5727972,329
4417,2024-12-29,3988477.76594141,2938962.73768217,329
3737,2024-12-30,4004009.54540988,2933020.84792354,330
3895,2024-12-30,4028913.5787269,2976793.51188116,330
3927,2024-12-30,4022026.94194402,2930509.66903118,330
3996,2024-12-30,4018391.22040064,2993633.62805879,330
4092,2024-12-30,3996220.96765171,2981158.04397573,330
4096,2024-12-30,4025163.16200081,2976740.8182421,330
4151,2024-12-30,4006429.39580601,2934725.78564818,330
4163,2024-12-30,4021435.85472631,2949498.88304586,330
4258,2024-12-30,4021400.48906519,2989751.60533253,330
4313,2024-12-30,4015870.32015162,2981441.43133624,330
4841,2024-12-30,4004936.56577669,2984489.22593191,330
5037,2024-12-30,3998203.26332374,2978196.19281615,330
6174,2024-12-30,4011530.16612016,2929392.78650302,330
3698,2025-01-01,3984680.31075344,2948825.54828719,332
3896,2025-01-01,3999971.24310047,2963193.71326917,332
3941,2025-01-01,4006128.60205732,2992187.60138798,332
4183,2025-01-01,4020826.92520179,2970577.47911256,332
4202,2025-01-01,4018232.97265919,2932276.78188573,332
4249,2025-01-01,4016458.37361214,2932863.78702375,332
4256,2025-01-01,3976921.60173913,2939274.57676131,332
4265,2025-01-01,3982727.7018795,2996235.88306571,332
4272,2025-01-01,3991031.46902738,2947000.23640635,332
4287,2025-01-01,3979310.26372978,2964771.63880267,332
4289,2025-01-01,4002868.66095593,2931007.96605986,332
4291,2025-01-01,3998417.39105126,2999304.8829594,332
4300,2025-01-01,4016742.57784702,2982547.86255808,332
4306,2025-01-01,3979222.62934456,2985448.61043812,332
4325,2025-01-01,3977013.2115122,2973163.98845302,332
4351,2025-01-01,4003535.31639411,2933462.8212419,332
4356,2025-01-01,3981359.25354646,2942878.92413924,332
4364,2025-01-01,3971811.30875753,2984538.62559157,332
4418,2025-01-01,3983294.43551502,2967970.76980398,332
4454,2025-01-01,3982896.91637953,2934289.11688358,332
4523,2025-01-01,4015793.46258448,2936044.68478487,332
4540,2025-01-01,4034312.19151811,2981927.1709328,332
4564,2025-01-01,3988876.57567532,2994792.91573569,332
4570,2025-01-01,3977218.96234748,2971913.89862865,332
4592,2025-01-01,4016918.42043211,2979973.95254057,332
4594,2025-01-01,3985108.28336894,2967642.5745127,332
4611,2025-01-01,3986946.78009551,2994011.97088674,332
4612,2025-01-01,3985149.54164674,2991746.56351929,332
4620,2025-01-01,4014635.4349239,2990743.00995802,332
4622,2025-01-01,4031687.6577692,2980076.82791136,332
4624,2025-01-01,4023005.33719747,2943575.48480747,332
4631,2025-01-01,3980697.88233251,2988089.42517352,332
4680,2025-01-01,3969864.77185725,3001912.83178801,332
4718,2025-01-01,3984584.58667893,2988286.89983997,332
4732,2025-01-01,3979551.49998055,2975604.15535762,332
4746,2025-01-01,4022147.24737474,2939765.36329355,332
4778,2025-01-01,3970290.44712246,2993989.68746299,332
4779,2025-01-01,3975294.16924396,2981608.15414265,332
4804,2025-01-01,4011452.3156027,2988831.39412528,332
4806,2025-01-01,4017963.68695756,2946749.00436404,332
4843,2025-01-01,4026490.95127454,2976108.8344293,332
4889,2025-01-01,3971681.54530561,2986315.56482977,332
4905,2025-01-01,4026296.58456683,2975340.18740439,332
4911,2025-01-01,4042687.86439219,2956637.99090488,332
4917,2025-01-01,3980092.18651993,2948124.27961566,332
4931,2025-01-01,4001259.59347075,2918927.72348177,332
4935,2025-01-01,4002314.73023929,2963089.41283659,332
4941,2025-01-01,3999636.91812134,2976364.33563162,332
4966,2025-01-01,3986268.81868608,2995721.56562516,332
4968,2025-01-01,3998647.51950811,2990241.88191117,332
4970,2025-01-01,4013670.41439839,2937233.84160501,332
5004,2025-01-01,4010773.65382692,2988315.76929447,332
5017,2025-01-01,4002023.19170783,2930773.77717857,332
5025,2025-01-01,4033824.12382394,2977818.0054858,332
5026,2025-01-01,3976767.76460156,2970601.79447973,332
5040,2025-01-01,3982993.77958349,2999218.33683171,332
5041,2025-01-01,4006039.46955014,2990356.59460301,332
5090,2025-01-01,4012790.00188543,2990638.61027709,332
5103,2025-01-01,4020601.0275951,2970685.7647477,332
5115,2025-01-01,4001897.67291287,2932906.75527095,332
5127,2025-01-01,3982445.87105743,2967534.48349244,332
5135,2025-01-01,3985518.00812345,2998592.78305296,332
5144,2025-01-01,4021030.8531517,2945511.36297519,332
5168,2025-01-01,4020707.22936625,2978078.56644908,332
5175,2025-01-01,3974273.50537457,2970913.03413202,332
5179,2025-01-01,3987131.27099744,2981657.98359476,332
5194,2025-01-01,3974648.04970382,2970137.62023201,332
5205,2025-01-01,3997681.57263372,2927486.72447929,332
5251,2025-01-01,4001896.47030456,2963221.55915157,332
5265,2025-01-01,4012807.96365971,2991856.6959325,332
5270,2025-01-01,4034813.52119304,2980445.93619357,332
5279,2025-01-01,4030429.60828538,2977529.10966915,332
5282,2025-01-01,3981802.35616992,2998417.40816546,332
5283,2025-01-01,4013552.23153839,2989850.63635709,332
5302,2025-01-01,3983947.17567393,2993301.23454648,332
5304,2025-01-01,4005863.2253495,2933397.13295289,332
5311,2025-01-01,4016952.65383141,2931372.7608648,332
5326,2025-01-01,3975029.41068823,2963602.31205539,332
5327,2025-01-01,4018312.21339931,2982686.66291875,332
5335,2025-01-01,4003514.1802404,2932652.06646923,332
5336,2025-01-01,4003580.88422438,2991191.98890926,332
5354,2025-01-01,4029442.49334496,2966975.59911624,332
5356,2025-01-01,4001350.72258879,2963456.43909352,332
5399,2025-01-01,4005366.7752253,2991885.64027708,332
5402,2025-01-01,3978023.72312087,2974395.25779695,332
5435,2025-01-01,3977270.07085305,2964973.0301862,332
5445,2025-01-01,4030834.43662077,2961441.46697208,332
5446,2025-01-01,3988716.36202641,2989603.03759861,332
5448,2025-01-01,3992968.90483144,2924638.664344,332
5451,2025-01-01,3981636.80971279,2976177.27667031,332
5476,2025-01-01,4021168.41176454,2972593.78917218,332
5488,2025-01-01,4026229.88378486,2989434.24342598,332
5501,2025-01-01,4019463.86099721,2971700.52281161,332
5516,2025-01-01,4025169.33972309,2986542.01717571,332
5517,2025-01-01,4027473.10269215,2980630.2643008,332
5527,2025-01-01,3999716.70295884,2989264.26692422,332
5583,2025-01-01,3985006.15249063,2990050.10306001,332
5595,2025-01-01,4037621.27208997,2975527.57835476,332
5596,2025-01-01,4022449.39682858,2996113.13348697,332
5597,2025-01-01,4026565.80270325,2995168.76171801,332
5599,2025-01-01,4017380.04741839,2991935.10752618,332
5600,2025-01-01,4017206.47096938,2993665.37092631,332
5601,2025-01-01,4025133.21854626,2993042.18174021,332
5616,2025-01-01,3999227.67900643,2984423.79604743,332
5621,2025-01-01,4001260.66797672,2929250.65522046,332
5622,2025-01-01,3981145.77483381,2948441.04376334,332
5623,2025-01-01,3999256.25826673,2984194.78793227,332
5636,2025-01-01,3982276.34789887,2967938.97665638,332
5652,2025-01-01,4018975.39601173,2941833.39016826,332
5670,2025-01-01,3988708.17074986,2996772.64138762,332
5696,2025-01-01,4021179.87937772,2976591.26026913,332
5698,2025-01-01,3989750.87337376,2938218.1140946,332
5709,2025-01-01,4028595.16589604,2975570.70560269,332
5711,2025-01-01,3996978.20584652,2932659.85426108,332
5717,2025-01-01,4025141.92605094,2995585.23465104,332
5719,2025-01-01,4019510.37194754,2975281.9768847,332
5726,2025-01-01,3980591.21389197,2934591.22957897,332
5746,2025-01-01,3975380.73210773,2973290.77096047,332
5764,2025-01-01,4019692.93962628,2981675.35288343,332
5776,2025-01-01,4002386.13420419,2984983.29405381,332
5793,2025-01-01,3981193.05437054,2975978.83677081,332
5794,2025-01-01,4012975.23299047,2936313.59755683,332
5853,2025-01-01,4005184.12385557,2934451.38380845,332
5863,2025-01-01,4018179.48663993,2991251.37258931,332
5874,2025-01-01,4015372.27324903,2947887.85660028,332
5889,2025-01-01,3986325.97965154,2966375.80264318,332
5902,2025-01-01,4029981.17400729,2985201.83976069,332
5904,2025-01-01,4022421.7103001,2978685.35672782,332
5911,2025-01-01,4024867.3688044,2969161.76225477,332
5927,2025-01-01,4026778.56593973,2989562.69955297,332
5962,2025-01-01,3999851.0893239,2932205.58361681,332
5963,2025-01-01,4002018.67481237,2933171.16227886,332
5964,2025-01-01,4017333.22956019,2982418.90485426,332
5976,2025-01-01,4021152.53764598,2986430.54597498,332
5987,2025-01-01,4017207.86152576,2933129.88878063,332
6012,2025-01-01,3983394.43365553,2946943.08477248,332
6031,2025-01-01,4017425.42648879,2991875.99641226,332
6045,2025-01-01,4017001.9412878,2933093.33737471,332
6071,2025-01-01,4017804.1758338,2994052.19330131,332
6076,2025-01-01,3984240.10477007,2988417.87575205,332
6079,2025-01-01,3970630.08514767,2990260.18104455,332
6086,2025-01-01,3989446.99762165,2944022.70358504,332
6089,2025-01-01,3985468.67382021,2998201.11788457,332
6092,2025-01-01,4030207.76196741,2959315.77311555,332
6103,2025-01-01,3992708.98201374,2983606.87057796,332
6104,2025-01-01,3988237.97140668,2927005.0466828,332
6125,2025-01-01,4025331.13340066,2968872.82544083,332
6130,2025-01-01,3986409.7633355,2967542.54336802,332
6209,2025-01-01,4020356.58108235,2971996.64556667,332
6213,2025-01-01,3997371.01234116,2927328.92465256,332
6245,2025-01-01,4017159.73239792,2991698.807545,332
6246,2025-01-01,4021370.64246228,2971754.07461839,332
6247,2025-01-01,4023756.04842353,2973721.55205237,332
6278,2025-01-01,3984476.93120522,2935145.55722406,332
6279,2025-01-01,3977802.86624864,2964360.69377546,332
6287,2025-01-01,3986750.06070912,2966508.89877043,332
6290,2025-01-01,3981718.10536934,2992668.60156563,332
6313,2025-01-01,3999935.6563248,2990444.29348149,332
6319,2025-01-01,4039837.25340355,2953489.51686699,332
6338,2025-01-01,4001824.78201865,2964151.70745912,332
6359,2025-01-01,3973277.3268884,2964361.82437,332
6365,2025-01-01,4025730.59633735,2981520.444079,332
6372,2025-01-01,3987194.30515571,2950413.07429449,332
6375,2025-01-01,4002880.05534818,2932714.23243871,332
6386,2025-01-01,3984329.50649842,2986102.41262424,332
6388,2025-01-01,4019318.63047155,2993764.52332956,332
6401,2025-01-01,4019295.09406282,2943941.41369609,332
6416,2025-01-01,3982822.33013402,2946806.67290257,332
6418,2025-01-01,4021900.09181543,2947644.0753191,332
6437,2025-01-01,4017342.26244277,2992760.78140296,332
6440,2025-01-01,4020280.82397394,2989820.22358917,332
6454,2025-01-01,3989030.83651596,2979819.06132395,332
6458,2025-01-01,3969860.22140748,2995035.15051486,332
6459,2025-01-01,3968874.50963197,2993758.63686122,332
6468,2025-01-01,3989094.18766503,2943593.20832932,332
6473,2025-01-01,3987194.47949391,2995636.74901018,332
6482,2025-01-01,3985115.87601328,2997745.2997293,332
6488,2025-01-01,4019554.8770018,2976336.31111211,332
6512,2025-01-01,4025931.79880831,2983298.58198409,332
6515,2025-01-01,4016422.83816155,2993578.87237853,332
6516,2025-01-01,4027730.76986472,2994336.61212627,332
6528,2025-01-01,4002190.6359553,2931402.53494478,332
6563,2025-01-01,4013016.7842679,2936660.96722376,332
6571,2025-01-01,4013221.42265766,2989256.21970138,332
6574,2025-01-01,3969146.98522821,2999669.7649235,332
6588,2025-01-01,4003190.75742225,2931962.1749549,332
6589,2025-01-01,4034770.13220815,2980212.9017311,332
6608,2025-01-01,4035997.65506012,2975802.56500807,332
6633,2025-01-01,4016915.99466258,2991480.48058496,332
6648,2025-01-01,4015642.67237639,2990680.15828148,332
6649,2025-01-01,4016218.60668988,2986986.29610703,332
6662,2025-01-01,4020666.27695315,2990045.17776486,332
6687,2025-01-01,4015891.32654715,2933548.2323106,332
6692,2025-01-01,3971311.23871416,3000570.53605317,332
6701,2025-01-01,4030826.66929918,2960557.18379263,332
6722,2025-01-01,3985305.93666207,2997355.08911415,332
6747,2025-01-01,3985633.33141497,2967570.70538453,332
6762,2025-01-01,4017939.92734644,2992342.08901543,332
6769,2025-01-01,4018940.75572168,2992981.48923833,332
6794,2025-01-01,3984252.98387608,2990807.09896123,332
6801,2025-01-01,3984317.19515097,2989804.83629081,332
6806,2025-01-01,3977552.0242809,2965147.28313378,332
6837,2025-01-01,3997648.67398102,2927559.95883943,332
6845,2025-01-01,3976825.42112644,2963073.94538429,332
6871,2025-01-01,3998122.67667603,2933695.17239182,332
6873,2025-01-01,4022680.52333266,2995775.10597976,332
6883,2025-01-01,3982994.81463797,2948848.47053614,332
6897,2025-01-01,4001814.24945468,2931466.66361473,332
6930,2025-01-01,4001061.49826087,2916600.5066849,332
6944,2025-01-01,4020061.46705639,2971725.67593823,332
6949,2025-01-01,3974941.81899795,2970188.8034485,332
6958,2025-01-01,4013329.51086241,2990593.01061112,332
6963,2025-01-01,4015470.83215885,2929980.36320262,332
6979,2025-01-01,4001720.00493143,2989912.88680897,332
6990,2025-01-01,4020573.75280342,2976721.77710508,332
7042,2025-01-01,3995318.47069881,2934798.25484268,332
7045,2025-01-01,4017079.63372629,2992257.45052764,332
7061,2025-01-01,3971979.38297434,2986597.15630781,332
7065,2025-01-01,4011230.58120196,2988451.91528658,332
7091,2025-01-01,3975115.47865605,2963309.25022288,332
7092,2025-01-01,4003820.20521227,2933691.51231613,332
7093,2025-01-01,4031158.8154245,2965554.36135263,332
7100,2025-01-01,4019840.43668435,2971533.37292198,332
7118,2025-01-01,3996615.68447117,2932884.74212709,332
7162,2025-01-01,3981359.25354646,2942878.92413924,332
7167,2025-01-01,3983294.43551502,2967970.76980398,332
7204,2025-01-01,4001259.59347075,2918927.72348177,332
7208,2025-01-01,4010773.65382692,2988315.76929447,332
7209,2025-01-01,4006039.46955014,2990356.59460301,332
7227,2025-01-01,4003580.88422438,2991191.98890926,332
7229,2025-01-01,4029442.49334496,2966975.59911624,332
7235,2025-01-01,4025169.33972309,2986542.01717571,332
7253,2025-01-01,3989750.87337376,2938218.1140946,332
7271,2025-01-01,4018179.48663993,2991251.37258931,332
